Rank,Pos,Player,School,PFF Grade,PFF WAA,Notes,Overall Score,Score Label
"1","ED","Rueben Bain Jr.","Miami (FL) Hurricanes","93.1","0.493","","","Not Scored"
"2","S","Caleb Downs","Ohio State Buckeyes","87.6","0.445","","","Not Scored"
"3","CB","Jermod McCoy","Tennessee Volunteers","N/A","N/A","","","Not Scored"
"4","G","Charles Jagusah","Notre Dame Fighting Irish","N/A","N/A","","","Not Scored"
"5","S","Terry Moore","Duke Blue Devils","N/A","N/A","","","Not Scored"
"6","CB","Daniel Harris","Marshall Thundering Herd","N/A","N/A","","","Not Scored"
"7","HB","Jaydn Ott","Oklahoma Sooners","53.1","-0.033","","","Not Scored"
"8","CB","Jeadyn Lukus","Clemson Tigers","53.9","-0.081","","","Not Scored"
"9","CB","Christian Gray","Notre Dame Fighting Irish","54.2","-0.138","","","Not Scored"
"10","TE","John Michael Gyllenborg","Wyoming Cowboys","54.4","-0.057","","","Not Scored"
"11","CB","DJ Harvey","USC Trojans","54.6","-0.049","","","Not Scored"
"12","G","Roderick Kearney","Florida Gators","55.1","-0.020","","","Not Scored"
"13","S","Jordan Castell","Florida Gators","55.3","-0.083","","","Not Scored"
"14","DI","James Smith","Alabama Crimson Tide","55.6","-0.056","","","Not Scored"
"15","T","Xavier Chaplin","Auburn Tigers","56.6","0.010","","","Not Scored"
"16","WR","Eugene Wilson III","Florida Gators","56.9","-0.048","","","Not Scored"
"17","WR","Jaden Greathouse","Notre Dame Fighting Irish","57.8","-0.001","","","Not Scored"
"18","DI","Keeshawn Silver","USC Trojans","57.8","-0.068","","","Not Scored"
"19","WR","Nic Anderson","LSU Tigers","58.1","-0.009","","","Not Scored"
"20","ED","Vincent Anthony Jr.","Duke Blue Devils","58.2","-0.072","","","Not Scored"
"21","G","Ethan Onianwa","Ohio State Buckeyes","58.2","-0.019","","","Not Scored"
"22","TE","Joe Royer","Cincinnati Bearcats","58.5","0.073","","","Not Scored"
"23","QB","Eli Holstein","Pittsburgh Panthers","58.7","-0.165","","","Not Scored"
"24","WR","Noah Thomas","Georgia Bulldogs","58.8","-0.038","","","Not Scored"
"25","S","Robert Spears-Jennings","Oklahoma Sooners","58.9","-0.115","","","Not Scored"
"26","TE","Lawson Luckie","Georgia Bulldogs","59.3","0.037","","","Not Scored"
"27","T","Tree Babalade","South Carolina Gamecocks","60.1","-0.019","","","Not Scored"
"28","CB","Cam Calhoun","Alabama Crimson Tide","60.6","0.011","","","Not Scored"
"29","CB","A.J. Harris","Penn State Nittany Lions","60.7","-0.072","","","Not Scored"
"30","LB","Lander Barton","Utah Utes","60.9","-0.062","","","Not Scored"
"31","HB","CJ Baxter","Texas Longhorns","61.0","-0.065","","","Not Scored"
"32","LB","Harold Perkins Jr.","LSU Tigers","61.0","-0.112","","","Not Scored"
"33","G","Tomas Rimac","Virginia Tech Hokies","61.1","0.011","","","Not Scored"
"34","CB","Jermaine Mathews Jr.","Ohio State Buckeyes","62.1","-0.007","","","Not Scored"
"35","G","Joshua Braun","Kentucky Wildcats","62.2","0.025","","","Not Scored"
"36","WR","Johntay Cook","Syracuse Orange","62.2","-0.104","","","Not Scored"
"37","WR","J. Michael Sturdivant","Florida Gators","62.3","-0.006","","","Not Scored"
"38","G","Chase Bisontis","Texas A&M Aggies","62.4","0.074","","","Not Scored"
"39","TE","RJ Maryland","SMU Mustangs","62.4","0.027","","","Not Scored"
"40","TE","Oscar Delp","Georgia Bulldogs","62.5","0.087","","","Not Scored"
"41","CB","Raion Strader","Auburn Tigers","62.7","0.004","","","Not Scored"
"42","C","Connor Tollison","Missouri Tigers","62.7","-0.037","","","Not Scored"
"43","TE","Marlin Klein","Michigan Wolverines","62.8","-0.013","","","Not Scored"
"44","TE","Jack Velling","Michigan State Spartans","62.8","0.019","","","Not Scored"
"45","TE","Miles Kitselman","Tennessee Volunteers","63.1","0.016","","","Not Scored"
"46","T","Earnest Greene III","Georgia Bulldogs","63.2","-0.001","","","Not Scored"
"47","CB","Tyreek Chappell","Texas A&M Aggies","63.2","-0.017","","","Not Scored"
"48","QB","Aidan Chiles","Michigan State Spartans","63.4","-0.193","","","Not Scored"
"49","T","Riley Mahlman","Wisconsin Badgers","63.4","0.014","","","Not Scored"
"50","DI","Keanu Tanuvasa","BYU Cougars","63.7","-0.023","","","Not Scored"
"51","T","Niki Prongos","Stanford Cardinal","63.9","0.007","","","Not Scored"
"52","DI","Zane Durant","Penn State Nittany Lions","63.9","-0.041","","","Not Scored"
"53","TE","Jaren Kanak","Oklahoma Sooners","63.9","0.056","","","Not Scored"
"54","S","Rod Moore","Michigan Wolverines","64.0","0.002","","","Not Scored"
"55","QB","John Mateer","Oklahoma Sooners","64.0","-0.354","","","Not Scored"
"56","WR","Deion Burks","Oklahoma Sooners","64.1","-0.059","","","Not Scored"
"57","ED","LT Overton","Alabama Crimson Tide","64.2","-0.060","","","Not Scored"
"58","WR","Eric Singleton Jr.","Auburn Tigers","64.7","-0.069","","","Not Scored"
"59","ED","Tyreak Sapp","Florida Gators","64.9","0.013","","","Not Scored"
"60","T","Isaiah World","Oregon Ducks","65.1","0.047","","","Not Scored"
"61","T","Dametrious Crownover","Texas A&M Aggies","65.2","0.070","","","Not Scored"
"62","ED","TJ Guy","Michigan Wolverines","65.3","0.016","","","Not Scored"
"63","C","Parker Brailsford","Alabama Crimson Tide","65.6","0.020","","","Not Scored"
"64","WR","Dane Key","Nebraska Cornhuskers","65.9","-0.007","","","Not Scored"
"65","HB","Jamal Haynes","Georgia Tech Yellow Jackets","65.9","-0.111","","","Not Scored"
"66","T","Jude Bowry","Boston College Eagles","66.0","0.030","","","Not Scored"
"67","LB","Trey Moore","Texas Longhorns","66.0","-0.008","","","Not Scored"
"68","CB","Thaddeus Dixon","North Carolina Tar Heels","66.2","0.002","","","Not Scored"
"69","QB","Jackson Arnold","Auburn Tigers","66.2","-0.065","","","Not Scored"
"70","TE","Dae'Quan Wright","Mississippi Rebels","66.2","0.157","","","Not Scored"
"71","CB","Will Lee III","Texas A&M Aggies","66.5","0.059","","","Not Scored"
"72","CB","DJ McKinney","Colorado Buffaloes","66.6","-0.007","","","Not Scored"
"73","T","Fa'alili Fa'amoe","Wake Forest Demon Deacons","66.6","-0.024","","","Not Scored"
"74","LB","Whit Weeks","LSU Tigers","67.0","0.003","","","Not Scored"
"75","CB","Tacario Davis","Washington Huskies","67.2","0.006","","","Not Scored"
"76","C","Connor Lew","Auburn Tigers","67.6","0.014","","","Not Scored"
"77","S","Tao Johnson","Utah Utes","67.9","0.078","","","Not Scored"
"78","CB","Jalon Kilgore","South Carolina Gamecocks","68.1","0.068","","","Not Scored"
"79","T","Caleb Lomu","Utah Utes","68.3","0.114","","","Not Scored"
"80","DI","Domonique Orange","Iowa State Cyclones","68.3","0.032","","","Not Scored"
"81","DI","C.J. Fite","Arizona State Sun Devils","68.3","0.013","","","Not Scored"
"82","CB","Xavier Scott","Illinois Fighting Illini","68.3","0.003","","","Not Scored"
"83","CB","Smith Snowden","Utah Utes","68.4","0.117","","","Not Scored"
"84","WR","Nyck Harbor","South Carolina Gamecocks","68.4","0.042","","","Not Scored"
"85","TE","Jack Endries","Texas Longhorns","68.5","0.124","","","Not Scored"
"86","HB","Demond Claiborne","Wake Forest Demon Deacons","68.6","-0.313","","","Not Scored"
"87","T","Aamil Wagner","Notre Dame Fighting Irish","68.7","0.041","","","Not Scored"
"88","QB","Miller Moss","Louisville Cardinals","68.7","-0.369","","","Not Scored"
"89","DI","Caleb Banks","Florida Gators","68.8","0.007","","","Not Scored"
"90","TE","Josh Cuevas","Alabama Crimson Tide","68.9","0.121","","","Not Scored"
"91","C","Bryce Foster","Kansas Jayhawks","69.0","0.070","","","Not Scored"
"92","S","Earl Little Jr.","Florida State Seminoles","69.1","0.057","","","Not Scored"
"93","G","Ar'maj Reed-Adams","Texas A&M Aggies","69.1","0.073","","","Not Scored"
"94","C","Iapani Laloulu","Oregon Ducks","69.1","0.031","","","Not Scored"
"95","ED","Ben Bell","Virginia Tech Hokies","69.1","0.059","","","Not Scored"
"96","TE","Max Klare","Ohio State Buckeyes","69.4","0.094","","","Not Scored"
"97","G","Jaeden Roberts","Alabama Crimson Tide","69.5","0.008","","","Not Scored"
"98","DI","David Oke","Arkansas Razorbacks","69.6","0.003","","","Not Scored"
"99","CB","Daylen Everette","Georgia Bulldogs","69.7","0.084","","","Not Scored"
"100","S","Isaiah Nwokobia","SMU Mustangs","69.7","-0.016","","","Not Scored"
"101","ED","Patrick Payton","LSU Tigers","69.7","0.028","","","Not Scored"
"102","T","Drew Shelton","Penn State Nittany Lions","70.3","0.002","","","Not Scored"
"103","QB","Sawyer Robertson","Baylor Bears","70.3","0.064","","","Not Scored"
"104","HB","Bryson Washington","Baylor Bears","70.3","-0.131","","","Not Scored"
"105","TE","Kenyon Sadiq","Oregon Ducks","70.4","0.207","","","Not Scored"
"106","LB","Aiden Fisher","Indiana Hoosiers","70.4","0.147","","","Not Scored"
"107","QB","Kyron Drones","Virginia Tech Hokies","70.7","-0.136","","","Not Scored"
"108","S","Xavier Nwankpa","Iowa Hawkeyes","70.7","0.082","","","Not Scored"
"109","CB","Malik Muhammad","Texas Longhorns","70.8","0.064","","","Not Scored"
"110","DI","Tim Keenan III","Alabama Crimson Tide","70.8","0.020","","","Not Scored"
"111","LB","Amare Campbell","Penn State Nittany Lions","70.8","-0.056","","","Not Scored"
"112","G","Davion Carter","Texas Tech Red Raiders","70.8","0.098","","","Not Scored"
"113","G","DJ Campbell","Texas Longhorns","70.9","0.100","","","Not Scored"
"114","CB","Jerry Wilson","Florida State Seminoles","70.9","-0.040","","","Not Scored"
"115","T","Caleb Tiernan","Northwestern Wildcats","71.1","0.026","","","Not Scored"
"116","HB","Terion Stewart","Virginia Tech Hokies","71.2","-0.062","","","Not Scored"
"117","DI","DeMonte Capehart","Clemson Tigers","71.2","0.059","","","Not Scored"
"118","LB","Eric Gentry","USC Trojans","71.3","0.099","","","Not Scored"
"119","ED","Anthony Lucas","USC Trojans","71.4","0.026","","","Not Scored"
"120","T","Elijah Pritchett","Nebraska Cornhuskers","71.4","0.046","","","Not Scored"
"121","WR","Eric Rivers","Georgia Tech Yellow Jackets","71.5","0.111","","","Not Scored"
"122","LB","Drayk Bowen","Notre Dame Fighting Irish","71.6","0.096","","","Not Scored"
"123","ED","Max Llewellyn","Iowa Hawkeyes","71.7","0.000","","","Not Scored"
"124","C","Luke Petitbon","Florida State Seminoles","71.7","0.062","","","Not Scored"
"125","ED","Quincy Rhodes","Arkansas Razorbacks","71.9","0.027","","","Not Scored"
"126","WR","Germie Bernard","Alabama Crimson Tide","71.9","0.151","","","Not Scored"
"127","T","Monroe Freeling","Georgia Bulldogs","72.1","0.074","","","Not Scored"
"128","QB","Nico Iamaleava","UCLA Bruins","72.1","0.206","","","Not Scored"
"129","DI","Peter Woods","Clemson Tigers","72.2","0.067","","","Not Scored"
"130","LB","Arvell Reese","Ohio State Buckeyes","76.4","0.142","","","Not Scored"
"131","WR","Jordyn Tyson","Arizona State Sun Devils","82.9","0.190","","","Not Scored"
"132","HB","Jeremiyah Love","Notre Dame Fighting Irish","93.1","0.368","","","Not Scored"
"133","WR","Makai Lemon","USC Trojans","90.8","0.556","","","Not Scored"
"134","ED","T.J. Parker","Clemson Tigers","81.7","0.171","","","Not Scored"
"135","ED","Keldric Faulk","Auburn Tigers","74.5","0.116","","","Not Scored"
"136","WR","Carnell Tate","Ohio State Buckeyes","88.6","0.319","","","Not Scored"
"137","ED","David Bailey","Texas Tech Red Raiders","93.6","0.447","","","Not Scored"
"138","CB","Mansoor Delane","LSU Tigers","90.7","0.405","","","Not Scored"
"139","T","Spencer Fano","Utah Utes","84.9","0.214","","","Not Scored"
"140","ED","Cashius Howell","Texas A&M Aggies","81.2","0.161","","","Not Scored"
"141","LB","Sonny Styles","Ohio State Buckeyes","88.5","0.467","","","Not Scored"
"142","QB","Ty Simpson","Alabama Crimson Tide","82.8","0.866","","","Not Scored"
"143","DI","Christen Miller","Georgia Bulldogs","84.5","0.194","","","Not Scored"
"144","T","Francis Mauigoa","Miami (FL) Hurricanes","83.1","0.184","","","Not Scored"
"145","QB","Fernando Mendoza","Indiana Hoosiers","91.6","1.300","","","Not Scored"
"146","WR","Denzel Boston","Washington Huskies","87.6","0.309","","","Not Scored"
"147","T","Gennings Dunker","Iowa Hawkeyes","82.8","0.131","","","Not Scored"
"148","ED","Romello Height","Texas Tech Red Raiders","92.6","0.344","","","Not Scored"
"149","QB","Dante Moore","Oregon Ducks","90.2","1.121","","","Not Scored"
"150","G","Olaivavega Ioane","Penn State Nittany Lions","79.9","0.100","","","Not Scored"
"151","ED","R Mason Thomas","Oklahoma Sooners","85.3","0.131","","","Not Scored"
"152","CB","Avieon Terrell","Clemson Tigers","83.5","0.226","","","Not Scored"
"153","T","Kadyn Proctor","Alabama Crimson Tide","85.9","0.204","","","Not Scored"
"154","CB","Colton Hood","Tennessee Volunteers","79.0","0.207","","","Not Scored"
"155","WR","KC Concepcion","Texas A&M Aggies","78.4","0.219","","","Not Scored"
"156","S","A.J. Haulcy","LSU Tigers","86.9","0.183","","","Not Scored"
"157","ED","Joshua Josephs","Tennessee Volunteers","86.8","0.108","","","Not Scored"
"158","DI","A'Mauri Washington","Oregon Ducks","80.0","0.217","","","Not Scored"
"159","WR","Chris Brazzell II","Tennessee Volunteers","79.3","0.204","","","Not Scored"
"160","WR","Ian Strong","Rutgers Scarlet Knights","78.8","0.238","","","Not Scored"
"161","WR","Elijah Sarratt","Indiana Hoosiers","87.5","0.434","","","Not Scored"
"162","CB","Chris Johnson","San Diego State Aztecs","91.6","0.343","","","Not Scored"
"163","T","Austin Siereveld","Ohio State Buckeyes","83.5","0.188","","","Not Scored"
"164","DI","Kayden McDonald","Ohio State Buckeyes","86.5","0.189","","","Not Scored"
"165","ED","Matayo Uiagalelei","Oregon Ducks","82.4","0.162","","","Not Scored"
"166","LB","Deontae Lawson","Alabama Crimson Tide","77.6","0.177","","","Not Scored"
"167","ED","Gabe Jacas","Illinois Fighting Illini","78.3","0.062","","","Not Scored"
"168","WR","Ja'Kobi Lane","USC Trojans","77.6","0.233","","","Not Scored"
"169","LB","Anthony Hill Jr.","Texas Longhorns","72.8","0.097","","","Not Scored"
"170","WR","Chris Bell","Louisville Cardinals","81.8","0.234","","","Not Scored"
"171","HB","Jonah Coleman","Washington Huskies","81.7","0.103","","","Not Scored"
"172","DI","Dontay Corleone","Cincinnati Bearcats","72.6","0.068","","","Not Scored"
"173","S","Dillon Thieneman","Oregon Ducks","91.0","0.576","","","Not Scored"
"174","S","Kamari Ramsey","USC Trojans","72.6","0.123","","","Not Scored"
"175","CB","Chandler Rivers","Duke Blue Devils","77.8","0.209","","","Not Scored"
"176","LB","Taurean York","Texas A&M Aggies","83.0","0.378","","","Not Scored"
"177","CB","Keith Abney II","Arizona State Sun Devils","86.3","0.373","","","Not Scored"
"178","HB","Jadarian Price","Notre Dame Fighting Irish","78.5","0.042","","","Not Scored"
"179","C","Jake Slaughter","Florida Gators","79.8","0.128","","","Not Scored"
"180","LB","CJ Allen","Georgia Bulldogs","76.0","0.033","","","Not Scored"
"181","WR","Skyler Bell","Connecticut Huskies","81.7","0.254","","","Not Scored"
"182","TE","Eli Stowers","Vanderbilt Commodores","81.5","0.223","","","Not Scored"
"183","ED","Derrick Moore","Michigan Wolverines","89.8","0.161","","","Not Scored"
"184","ED","Zion Young","Missouri Tigers","86.3","0.279","","","Not Scored"
"185","WR","CJ Daniels","Miami (FL) Hurricanes","72.6","0.088","","","Not Scored"
"186","T","Carter Smith","Indiana Hoosiers","86.9","0.294","","","Not Scored"
"187","DI","Darrell Jackson Jr.","Florida State Seminoles","74.8","0.065","","","Not Scored"
"188","WR","Omar Cooper Jr.","Indiana Hoosiers","86.9","0.313","","","Not Scored"
"189","CB","D'Angelo Ponds","Indiana Hoosiers","87.7","0.457","","","Not Scored"
"190","WR","Antonio Williams","Clemson Tigers","79.9","0.140","","","Not Scored"
"191","ED","Mikail Kamara","Indiana Hoosiers","74.5","0.113","","","Not Scored"
"192","T","Blake Miller","Clemson Tigers","79.2","0.165","","","Not Scored"
"193","G","Emmanuel Pregnon","Oregon Ducks","86.5","0.272","","","Not Scored"
"194","QB","Garrett Nussmeier","LSU Tigers","77.1","0.069","","","Not Scored"
"195","QB","Jayden Maiava","USC Trojans","86.9","0.773","","","Not Scored"
"196","S","Zakee Wheatley","Penn State Nittany Lions","85.9","0.172","","","Not Scored"
"197","TE","Justin Joly","North Carolina State Wolfpack","77.2","0.170","","","Not Scored"
"198","CB","Julian Neal","Arkansas Razorbacks","79.4","0.234","","","Not Scored"
"199","ED","Jaishawn Barham","Michigan Wolverines","78.2","0.222","","","Not Scored"
"200","S","Isaac Smith","Mississippi State Bulldogs","75.7","0.092","","","Not Scored"
"201","QB","Sam Leavitt","Arizona State Sun Devils","76.4","0.059","","","Not Scored"
"202","LB","Jake Golday","Cincinnati Bearcats","82.4","0.190","","","Not Scored"
"203","S","Keon Sabb","Alabama Crimson Tide","82.0","0.356","","","Not Scored"
"204","QB","LaNorris Sellers","South Carolina Gamecocks","76.2","0.228","","","Not Scored"
"205","WR","Malachi Fields","Notre Dame Fighting Irish","76.8","0.205","","","Not Scored"
"206","T","Brian Parker II","Duke Blue Devils","86.0","0.141","","","Not Scored"
"207","DI","Skyler Gill-Howard","Texas Tech Red Raiders","88.6","0.043","","","Not Scored"
"208","T","J.C. Davis","Illinois Fighting Illini","87.9","0.151","","","Not Scored"
"209","ED","Boubacar Traore","Notre Dame Fighting Irish","79.4","0.116","","","Not Scored"
"210","T","Cayden Green","Missouri Tigers","82.7","0.115","","","Not Scored"
"211","ED","Akheem Mesidor","Miami (FL) Hurricanes","92.1","0.375","","","Not Scored"
"212","LB","Jacob Rodriguez","Texas Tech Red Raiders","93.0","0.445","","","Not Scored"
"213","ED","Dani Dennis-Sutton","Penn State Nittany Lions","79.8","0.201","","","Not Scored"
"214","QB","Carson Beck","Miami (FL) Hurricanes","75.3","0.498","","","Not Scored"
"215","DI","Albert Regis","Texas A&M Aggies","72.8","0.117","","","Not Scored"
"216","WR","Zachariah Branch","Georgia Bulldogs","82.0","0.313","","","Not Scored"
"217","QB","Cade Klubnik","Clemson Tigers","79.0","0.431","","","Not Scored"
"218","T","Austin Barber","Florida Gators","83.1","0.154","","","Not Scored"
"219","S","Michael Taaffe","Texas Longhorns","88.1","0.241","","","Not Scored"
"220","DI","Bear Alexander","Oregon Ducks","73.3","0.127","","","Not Scored"
"221","HB","Kaytron Allen","Penn State Nittany Lions","89.5","0.143","","","Not Scored"
"222","TE","Michael Trigg","Baylor Bears","72.4","0.155","","","Not Scored"
"223","LB","Austin Romaine","Kansas State Wildcats","76.5","0.033","","","Not Scored"
"224","ED","Anto Saka","Northwestern Wildcats","72.9","0.009","","","Not Scored"
"225","G","Keylan Rutledge","Georgia Tech Yellow Jackets","75.8","0.170","","","Not Scored"
"226","HB","Justice Haynes","Michigan Wolverines","81.1","0.032","","","Not Scored"
"227","S","Jalen Stroman","Notre Dame Fighting Irish","80.6","0.132","","","Not Scored"
"228","ED","Kenyatta Jackson Jr.","Ohio State Buckeyes","72.6","0.104","","","Not Scored"
"229","T","Trevor Goosby","Texas Longhorns","83.3","0.197","","","Not Scored"
"230","WR","Jayce Brown","Kansas State Wildcats","75.0","0.063","","","Not Scored"
"231","QB","Drew Allar","Penn State Nittany Lions","72.4","0.067","","","Not Scored"
"232","WR","Bryce Lance","North Dakota State Bison","89.9","N/A","","","Not Scored"
"233","ED","Clev Lubin","Louisville Cardinals","91.3","0.260","","","Not Scored"
"234","LB","Kyle Louis","Pittsburgh Panthers","73.4","0.092","","","Not Scored"
"235","HB","Quintrevion Wisner","Texas Longhorns","77.1","0.025","","","Not Scored"
"236","HB","J'Mari Taylor","Virginia Cavaliers","75.9","-0.092","","","Not Scored"
"237","QB","Trinidad Chambliss","Mississippi Rebels","88.1","0.819","","","Not Scored"
"238","CB","Davison Igbinosun","Ohio State Buckeyes","81.5","0.267","","","Not Scored"
"239","HB","Le'Veon Moss","Texas A&M Aggies","75.9","0.001","","","Not Scored"
"240","ED","Malachi Lawrence","UCF Knights","80.4","0.075","","","Not Scored"
"241","HB","Nicholas Singleton","Penn State Nittany Lions","77.5","0.076","","","Not Scored"
"242","LB","Sammy Omosigho","Oklahoma Sooners","72.2","0.037","","","Not Scored"
"243","TE","Tanner Koziol","Houston Cougars","78.0","0.214","","","Not Scored"
"244","ED","Will Heldt","Clemson Tigers","84.1","0.148","","","Not Scored"
"245","QB","Brendan Sorsby","Cincinnati Bearcats","90.4","0.637","","","Not Scored"
"246","DI","Cole Brevard","Texas Longhorns","72.5","0.046","","","Not Scored"
"247","T","Trey Zuhn III","Texas A&M Aggies","72.7","0.081","","","Not Scored"
"248","WR","Chase Roberts","BYU Cougars","74.8","0.176","","","Not Scored"
"249","S","Adon Shuler","Notre Dame Fighting Irish","76.5","0.142","","","Not Scored"
"250","S","Bray Hubbard","Alabama Crimson Tide","84.6","0.354","","","Not Scored"
"251","QB","Josh Hoover","TCU Horned Frogs","76.7","0.295","","","Not Scored"
"252","C","Logan Jones","Iowa Hawkeyes","78.9","0.079","","","Not Scored"
"253","QB","Jalon Daniels","Kansas Jayhawks","76.5","0.052","","","Not Scored"
"254","ED","Suntarine Perkins","Mississippi Rebels","78.9","0.230","","","Not Scored"
"255","HB","Darius Taylor","Minnesota Golden Gophers","78.5","0.032","","","Not Scored"
"256","WR","Brenen Thompson","Mississippi State Bulldogs","78.6","0.235","","","Not Scored"
"257","QB","Diego Pavia","Vanderbilt Commodores","92.3","1.119","","","Not Scored"
"258","DI","Lee Hunter","Texas Tech Red Raiders","80.8","0.233","","","Not Scored"
"259","T","Kage Casey","Boise State Broncos","80.0","0.104","","","Not Scored"
"260","T","Max Iheanachor","Arizona State Sun Devils","72.7","0.056","","","Not Scored"
"261","S","Bud Clark","TCU Horned Frogs","81.6","0.103","","","Not Scored"
"262","WR","Duce Robinson","Florida State Seminoles","79.3","0.160","","","Not Scored"
"263","QB","Darian Mensah","Duke Blue Devils","84.8","0.598","","","Not Scored"
"264","CB","Domani Jackson","Alabama Crimson Tide","73.4","0.147","","","Not Scored"
"265","HB","Mark Fletcher Jr.","Miami (FL) Hurricanes","86.8","0.125","","","Not Scored"
"266","ED","Damon Wilson II","Missouri Tigers","77.4","0.042","","","Not Scored"
"267","QB","Beau Pribula","Missouri Tigers","75.4","0.043","","","Not Scored"
"268","DI","Zxavian Harris","Mississippi Rebels","73.1","0.166","","","Not Scored"
"269","QB","Athan Kaliakmanis","Rutgers Scarlet Knights","88.8","0.851","","","Not Scored"
"270","WR","Kevin Coleman Jr.","Missouri Tigers","79.0","0.205","","","Not Scored"
"271","QB","Luke Altmyer","Illinois Fighting Illini","79.7","0.562","","","Not Scored"
"272","HB","Dante Dowdell","Kentucky Wildcats","72.4","-0.046","","","Not Scored"
"273","S","Emmanuel McNeil-Warren","Toledo Rockets","90.9","0.431","","","Not Scored"
"274","HB","Hollywood Smothers","North Carolina State Wolfpack","78.4","-0.016","","","Not Scored"
"275","DI","Rayshaun Benny","Michigan Wolverines","77.6","0.172","","","Not Scored"
"276","QB","Taylen Green","Arkansas Razorbacks","83.0","0.182","","","Not Scored"
"277","HB","Dean Connors","Houston Cougars","76.0","0.028","","","Not Scored"
"278","WR","Eric McAlister","TCU Horned Frogs","76.2","0.206","","","Not Scored"
"279","QB","Tommy Castellanos","Florida State Seminoles","86.4","0.650","","","Not Scored"
"280","CB","Josh Moten","Southern Miss Golden Eagles","79.8","0.164","","","Not Scored"
"281","LB","Rasheem Biles","Pittsburgh Panthers","84.6","0.225","","","Not Scored"
"282","QB","Byrum Brown","USF Bulls","91.4","0.706","","","Not Scored"
"283","S","Jalen Catalon","Missouri Tigers","74.7","0.078","","","Not Scored"
"284","QB","Avery Johnson","Kansas State Wildcats","74.8","0.307","","","Not Scored"
"285","C","Pat Coogan","Indiana Hoosiers","76.3","0.119","","","Not Scored"
"286","WR","De'Zhaun Stribling","Mississippi Rebels","78.7","0.370","","","Not Scored"
"287","ED","Eric O'Neill","Rutgers Scarlet Knights","74.4","0.064","","","Not Scored"
"288","WR","Trebor Pena","Penn State Nittany Lions","74.9","0.068","","","Not Scored"
"289","S","Peyton Bowen","Oklahoma Sooners","78.2","0.183","","","Not Scored"
"290","QB","Jake Retzlaff","Tulane Green Wave","81.6","0.356","","","Not Scored"
"291","QB","Conner Weigman","Houston Cougars","73.5","-0.106","","","Not Scored"
"292","QB","Rocco Becht","Iowa State Cyclones","80.2","0.315","","","Not Scored"
"293","HB","Desmond Reid","Pittsburgh Panthers","80.3","0.094","","","Not Scored"
"294","DI","Gracen Halton","Oklahoma Sooners","84.7","0.192","","","Not Scored"
"295","ED","John Henry Daley","Utah Utes","92.4","0.191","","","Not Scored"
"296","T","Nolan Rucci","Penn State Nittany Lions","75.4","0.044","","","Not Scored"
"297","S","VJ Payne","Kansas State Wildcats","73.3","0.145","","","Not Scored"
"298","HB","Jahiem White","West Virginia Mountaineers","74.0","-0.001","","","Not Scored"
"299","QB","Kevin Jennings","SMU Mustangs","78.5","0.322","","","Not Scored"
"300","CB","Jyaire Hill","Michigan Wolverines","77.3","0.126","","","Not Scored"
"301","HB","Noah Whittington","Oregon Ducks","83.7","0.044","","","Not Scored"
"302","QB","Devon Dampier","Utah Utes","84.0","0.265","","","Not Scored"
"303","ED","Princewill Umanmielen","Mississippi Rebels","74.6","0.057","","","Not Scored"
"304","WR","Hank Beatty","Illinois Fighting Illini","82.2","0.275","","","Not Scored"
"305","DI","Brandon Cleveland","North Carolina State Wolfpack","72.8","0.064","","","Not Scored"
"306","CB","Antonio Kite","Mississippi Rebels","78.1","0.249","","","Not Scored"